Title,Company,Location,Date,Company_logo
Senior Python Developer,"Payne, Roberts and Davis","Stewartbury, AA",2021-04-08,https://files.realpython.com/media/real-python-logo-thumbnail.7f0db70c2ed2.jpg?__no_cf_polish=1
Energy engineer,Vasquez-Davidson,"Christopherville, AA",2021-04-08,https://files.realpython.com/media/real-python-logo-thumbnail.7f0db70c2ed2.jpg?__no_cf_polish=1
Legal executive,"Jackson, Chambers and Levy","Port Ericaburgh, AA",2021-04-08,https://files.realpython.com/media/real-python-logo-thumbnail.7f0db70c2ed2.jpg?__no_cf_polish=1
Fitness centre manager,Savage-Bradley,"East Seanview, AP",2021-04-08,https://files.realpython.com/media/real-python-logo-thumbnail.7f0db70c2ed2.jpg?__no_cf_polish=1
Product manager,Ramirez Inc,"North Jamieview, AP",2021-04-08,https://files.realpython.com/media/real-python-logo-thumbnail.7f0db70c2ed2.jpg?__no_cf_polish=1
Medical technical officer,Rogers-Yates,"Davidville, AP",2021-04-08,https://files.realpython.com/media/real-python-logo-thumbnail.7f0db70c2ed2.jpg?__no_cf_polish=1
Physiological scientist,Kramer-Klein,"South Christopher, AE",2021-04-08,https://files.realpython.com/media/real-python-logo-thumbnail.7f0db70c2ed2.jpg?__no_cf_polish=1
Textile designer,Meyers-Johnson,"Port Jonathan, AE",2021-04-08,https://files.realpython.com/media/real-python-logo-thumbnail.7f0db70c2ed2.jpg?__no_cf_polish=1
Television floor manager,Hughes-Williams,"Osbornetown, AE",2021-04-08,https://files.realpython.com/media/real-python-logo-thumbnail.7f0db70c2ed2.jpg?__no_cf_polish=1
Waste management officer,"Jones, Williams and Villa","Scotttown, AP",2021-04-08,https://files.realpython.com/media/real-python-logo-thumbnail.7f0db70c2ed2.jpg?__no_cf_polish=1
Software Engineer (Python),Garcia PLC,"Ericberg, AE",2021-04-08,https://files.realpython.com/media/real-python-logo-thumbnail.7f0db70c2ed2.jpg?__no_cf_polish=1
Interpreter,Gregory and Sons,"Ramireztown, AE",2021-04-08,https://files.realpython.com/media/real-python-logo-thumbnail.7f0db70c2ed2.jpg?__no_cf_polish=1
Architect,"Clark, Garcia and Sosa","Figueroaview, AA",2021-04-08,https://files.realpython.com/media/real-python-logo-thumbnail.7f0db70c2ed2.jpg?__no_cf_polish=1
Meteorologist,Bush PLC,"Kelseystad, AA",2021-04-08,https://files.realpython.com/media/real-python-logo-thumbnail.7f0db70c2ed2.jpg?__no_cf_polish=1
Audiological scientist,Salazar-Meyers,"Williamsburgh, AE",2021-04-08,https://files.realpython.com/media/real-python-logo-thumbnail.7f0db70c2ed2.jpg?__no_cf_polish=1
English as a second language teacher,"Parker, Murphy and Brooks","Mitchellburgh, AE",2021-04-08,https://files.realpython.com/media/real-python-logo-thumbnail.7f0db70c2ed2.jpg?__no_cf_polish=1
Surgeon,Cruz-Brown,"West Jessicabury, AA",2021-04-08,https://files.realpython.com/media/real-python-logo-thumbnail.7f0db70c2ed2.jpg?__no_cf_polish=1
Equities trader,Macdonald-Ferguson,"Maloneshire, AE",2021-04-08,https://files.realpython.com/media/real-python-logo-thumbnail.7f0db70c2ed2.jpg?__no_cf_polish=1
Newspaper journalist,"Williams, Peterson and Rojas","Johnsonton, AA",2021-04-08,https://files.realpython.com/media/real-python-logo-thumbnail.7f0db70c2ed2.jpg?__no_cf_polish=1
Materials engineer,Smith and Sons,"South Davidtown, AP",2021-04-08,https://files.realpython.com/media/real-python-logo-thumbnail.7f0db70c2ed2.jpg?__no_cf_polish=1
Python Programmer (Entry-Level),"Moss, Duncan and Allen","Port Sara, AE",2021-04-08,https://files.realpython.com/media/real-python-logo-thumbnail.7f0db70c2ed2.jpg?__no_cf_polish=1
Product/process development scientist,Gomez-Carroll,"Marktown, AA",2021-04-08,https://files.realpython.com/media/real-python-logo-thumbnail.7f0db70c2ed2.jpg?__no_cf_polish=1
"Scientist, research (maths)","Manning, Welch and Herring","Laurenland, AE",2021-04-08,https://files.realpython.com/media/real-python-logo-thumbnail.7f0db70c2ed2.jpg?__no_cf_polish=1
Ecologist,"Lee, Gutierrez and Brown","Lauraton, AP",2021-04-08,https://files.realpython.com/media/real-python-logo-thumbnail.7f0db70c2ed2.jpg?__no_cf_polish=1
Materials engineer,"Davis, Serrano and Cook","South Tammyberg, AP",2021-04-08,https://files.realpython.com/media/real-python-logo-thumbnail.7f0db70c2ed2.jpg?__no_cf_polish=1
Historic buildings inspector/conservation officer,Smith LLC,"North Brandonville, AP",2021-04-08,https://files.realpython.com/media/real-python-logo-thumbnail.7f0db70c2ed2.jpg?__no_cf_polish=1
Data scientist,Thomas Group,"Port Robertfurt, AA",2021-04-08,https://files.realpython.com/media/real-python-logo-thumbnail.7f0db70c2ed2.jpg?__no_cf_polish=1
Psychiatrist,Silva-King,"Burnettbury, AE",2021-04-08,https://files.realpython.com/media/real-python-logo-thumbnail.7f0db70c2ed2.jpg?__no_cf_polish=1
Structural engineer,Pierce-Long,"Herbertside, AA",2021-04-08,https://files.realpython.com/media/real-python-logo-thumbnail.7f0db70c2ed2.jpg?__no_cf_polish=1
Immigration officer,Walker-Simpson,"Christopherport, AP",2021-04-08,https://files.realpython.com/media/real-python-logo-thumbnail.7f0db70c2ed2.jpg?__no_cf_polish=1
Python Programmer (Entry-Level),Cooper and Sons,"West Victor, AE",2021-04-08,https://files.realpython.com/media/real-python-logo-thumbnail.7f0db70c2ed2.jpg?__no_cf_polish=1
Neurosurgeon,"Donovan, Gonzalez and Figueroa","Port Aaron, AP",2021-04-08,https://files.realpython.com/media/real-python-logo-thumbnail.7f0db70c2ed2.jpg?__no_cf_polish=1
Broadcast engineer,"Morgan, Butler and Bennett","Loribury, AA",2021-04-08,https://files.realpython.com/media/real-python-logo-thumbnail.7f0db70c2ed2.jpg?__no_cf_polish=1
Make,Snyder-Lee,"Angelastad, AP",2021-04-08,https://files.realpython.com/media/real-python-logo-thumbnail.7f0db70c2ed2.jpg?__no_cf_polish=1
"Nurse, adult",Harris PLC,"Larrytown, AE",2021-04-08,https://files.realpython.com/media/real-python-logo-thumbnail.7f0db70c2ed2.jpg?__no_cf_polish=1
Air broker,Washington PLC,"West Colin, AP",2021-04-08,https://files.realpython.com/media/real-python-logo-thumbnail.7f0db70c2ed2.jpg?__no_cf_polish=1
"Editor, film/video","Brown, Price and Campbell","West Stephanie, AP",2021-04-08,https://files.realpython.com/media/real-python-logo-thumbnail.7f0db70c2ed2.jpg?__no_cf_polish=1
"Production assistant, radio",Mcgee PLC,"Laurentown, AP",2021-04-08,https://files.realpython.com/media/real-python-logo-thumbnail.7f0db70c2ed2.jpg?__no_cf_polish=1
"Engineer, communications",Dixon Inc,"Wrightberg, AP",2021-04-08,https://files.realpython.com/media/real-python-logo-thumbnail.7f0db70c2ed2.jpg?__no_cf_polish=1
Sales executive,"Thompson, Sheppard and Ward","Alberttown, AE",2021-04-08,https://files.realpython.com/media/real-python-logo-thumbnail.7f0db70c2ed2.jpg?__no_cf_polish=1
Software Developer (Python),Adams-Brewer,"Brockburgh, AE",2021-04-08,https://files.realpython.com/media/real-python-logo-thumbnail.7f0db70c2ed2.jpg?__no_cf_polish=1
Futures trader,Schneider-Brady,"North Jason, AE",2021-04-08,https://files.realpython.com/media/real-python-logo-thumbnail.7f0db70c2ed2.jpg?__no_cf_polish=1
Tour manager,Gonzales-Frank,"Arnoldhaven, AE",2021-04-08,https://files.realpython.com/media/real-python-logo-thumbnail.7f0db70c2ed2.jpg?__no_cf_polish=1
Cytogeneticist,Smith-Wong,"Lake Destiny, AP",2021-04-08,https://files.realpython.com/media/real-python-logo-thumbnail.7f0db70c2ed2.jpg?__no_cf_polish=1
"Designer, multimedia",Pierce-Herrera,"South Timothyburgh, AP",2021-04-08,https://files.realpython.com/media/real-python-logo-thumbnail.7f0db70c2ed2.jpg?__no_cf_polish=1
Trade union research officer,"Aguilar, Rivera and Quinn","New Jimmyton, AE",2021-04-08,https://files.realpython.com/media/real-python-logo-thumbnail.7f0db70c2ed2.jpg?__no_cf_polish=1
"Chemist, analytical","Lowe, Barnes and Thomas","New Lucasbury, AP",2021-04-08,https://files.realpython.com/media/real-python-logo-thumbnail.7f0db70c2ed2.jpg?__no_cf_polish=1
"Programmer, multimedia","Lewis, Gonzalez and Vasquez","Port Cory, AE",2021-04-08,https://files.realpython.com/media/real-python-logo-thumbnail.7f0db70c2ed2.jpg?__no_cf_polish=1
"Engineer, broadcasting (operations)",Taylor PLC,"Gileston, AA",2021-04-08,https://files.realpython.com/media/real-python-logo-thumbnail.7f0db70c2ed2.jpg?__no_cf_polish=1
"Teacher, primary school","Oliver, Jones and Ramirez","Cindyshire, AA",2021-04-08,https://files.realpython.com/media/real-python-logo-thumbnail.7f0db70c2ed2.jpg?__no_cf_polish=1
Python Developer,Rivera and Sons,"East Michaelfort, AA",2021-04-08,https://files.realpython.com/media/real-python-logo-thumbnail.7f0db70c2ed2.jpg?__no_cf_polish=1
Manufacturing systems engineer,Garcia PLC,"Joybury, AE",2021-04-08,https://files.realpython.com/media/real-python-logo-thumbnail.7f0db70c2ed2.jpg?__no_cf_polish=1
"Producer, television/film/video","Johnson, Wells and Kramer","Emmatown, AE",2021-04-08,https://files.realpython.com/media/real-python-logo-thumbnail.7f0db70c2ed2.jpg?__no_cf_polish=1
"Scientist, forensic",Gonzalez LLC,"Colehaven, AP",2021-04-08,https://files.realpython.com/media/real-python-logo-thumbnail.7f0db70c2ed2.jpg?__no_cf_polish=1
Bonds trader,"Morgan, White and Macdonald","Port Coryton, AE",2021-04-08,https://files.realpython.com/media/real-python-logo-thumbnail.7f0db70c2ed2.jpg?__no_cf_polish=1
Editorial assistant,Robinson-Fitzpatrick,"Amyborough, AA",2021-04-08,https://files.realpython.com/media/real-python-logo-thumbnail.7f0db70c2ed2.jpg?__no_cf_polish=1
Photographer,"Waters, Wilson and Hoover","Reynoldsville, AA",2021-04-08,https://files.realpython.com/media/real-python-logo-thumbnail.7f0db70c2ed2.jpg?__no_cf_polish=1
Retail banker,Hill LLC,"Port Billy, AP",2021-04-08,https://files.realpython.com/media/real-python-logo-thumbnail.7f0db70c2ed2.jpg?__no_cf_polish=1
Jewellery designer,Li-Gregory,"Adamburgh, AA",2021-04-08,https://files.realpython.com/media/real-python-logo-thumbnail.7f0db70c2ed2.jpg?__no_cf_polish=1
Ophthalmologist,"Fisher, Ryan and Coleman","Wilsonmouth, AA",2021-04-08,https://files.realpython.com/media/real-python-logo-thumbnail.7f0db70c2ed2.jpg?__no_cf_polish=1
"Back-End Web Developer (Python, Django)",Stewart-Alexander,"South Kimberly, AA",2021-04-08,https://files.realpython.com/media/real-python-logo-thumbnail.7f0db70c2ed2.jpg?__no_cf_polish=1
Licensed conveyancer,Abbott and Sons,"Benjaminland, AP",2021-04-08,https://files.realpython.com/media/real-python-logo-thumbnail.7f0db70c2ed2.jpg?__no_cf_polish=1
Futures trader,"Bryant, Santana and Davenport","Zacharyport, AA",2021-04-08,https://files.realpython.com/media/real-python-logo-thumbnail.7f0db70c2ed2.jpg?__no_cf_polish=1
Counselling psychologist,Smith PLC,"Port Devonville, AE",2021-04-08,https://files.realpython.com/media/real-python-logo-thumbnail.7f0db70c2ed2.jpg?__no_cf_polish=1
Insurance underwriter,Patterson-Singh,"East Thomas, AE",2021-04-08,https://files.realpython.com/media/real-python-logo-thumbnail.7f0db70c2ed2.jpg?__no_cf_polish=1
"Engineer, automotive",Martinez-Berry,"New Jeffrey, AP",2021-04-08,https://files.realpython.com/media/real-python-logo-thumbnail.7f0db70c2ed2.jpg?__no_cf_polish=1
"Producer, radio","May, Taylor and Fisher","Davidside, AA",2021-04-08,https://files.realpython.com/media/real-python-logo-thumbnail.7f0db70c2ed2.jpg?__no_cf_polish=1
Dispensing optician,"Bailey, Owen and Thompson","Jamesville, AA",2021-04-08,https://files.realpython.com/media/real-python-logo-thumbnail.7f0db70c2ed2.jpg?__no_cf_polish=1
"Designer, fashion/clothing",Vasquez Ltd,"New Kelly, AP",2021-04-08,https://files.realpython.com/media/real-python-logo-thumbnail.7f0db70c2ed2.jpg?__no_cf_polish=1
Chartered loss adjuster,Leblanc LLC,"Lake Antonio, AA",2021-04-08,https://files.realpython.com/media/real-python-logo-thumbnail.7f0db70c2ed2.jpg?__no_cf_polish=1
"Back-End Web Developer (Python, Django)","Jackson, Ali and Mckee","New Elizabethside, AA",2021-04-08,https://files.realpython.com/media/real-python-logo-thumbnail.7f0db70c2ed2.jpg?__no_cf_polish=1
Forest/woodland manager,"Blankenship, Knight and Powell","Millsbury, AE",2021-04-08,https://files.realpython.com/media/real-python-logo-thumbnail.7f0db70c2ed2.jpg?__no_cf_polish=1
Clinical cytogeneticist,"Patton, Haynes and Jones","Lloydton, AP",2021-04-08,https://files.realpython.com/media/real-python-logo-thumbnail.7f0db70c2ed2.jpg?__no_cf_polish=1
Print production planner,Wood Inc,"Port Jeremy, AA",2021-04-08,https://files.realpython.com/media/real-python-logo-thumbnail.7f0db70c2ed2.jpg?__no_cf_polish=1
Systems developer,Collins Group,"New Elizabethtown, AA",2021-04-08,https://files.realpython.com/media/real-python-logo-thumbnail.7f0db70c2ed2.jpg?__no_cf_polish=1
Graphic designer,Flores-Nelson,"Charlesstad, AE",2021-04-08,https://files.realpython.com/media/real-python-logo-thumbnail.7f0db70c2ed2.jpg?__no_cf_polish=1
Writer,"Mitchell, Jones and Olson","Josephbury, AE",2021-04-08,https://files.realpython.com/media/real-python-logo-thumbnail.7f0db70c2ed2.jpg?__no_cf_polish=1
Field seismologist,Howard Group,"Seanfurt, AA",2021-04-08,https://files.realpython.com/media/real-python-logo-thumbnail.7f0db70c2ed2.jpg?__no_cf_polish=1
Chief Strategy Officer,Kramer-Edwards,"Williambury, AA",2021-04-08,https://files.realpython.com/media/real-python-logo-thumbnail.7f0db70c2ed2.jpg?__no_cf_polish=1
Air cabin crew,Berry-Houston,"South Jorgeside, AP",2021-04-08,https://files.realpython.com/media/real-python-logo-thumbnail.7f0db70c2ed2.jpg?__no_cf_polish=1
Python Programmer (Entry-Level),Mathews Inc,"Robertborough, AP",2021-04-08,https://files.realpython.com/media/real-python-logo-thumbnail.7f0db70c2ed2.jpg?__no_cf_polish=1
Warden/ranger,Riley-Johnson,"South Saratown, AP",2021-04-08,https://files.realpython.com/media/real-python-logo-thumbnail.7f0db70c2ed2.jpg?__no_cf_polish=1
Sports therapist,Spencer and Sons,"Hullview, AA",2021-04-08,https://files.realpython.com/media/real-python-logo-thumbnail.7f0db70c2ed2.jpg?__no_cf_polish=1
Arts development officer,Camacho-Sanchez,"Philipland, AP",2021-04-08,https://files.realpython.com/media/real-python-logo-thumbnail.7f0db70c2ed2.jpg?__no_cf_polish=1
Printmaker,Oliver and Sons,"North Patty, AE",2021-04-08,https://files.realpython.com/media/real-python-logo-thumbnail.7f0db70c2ed2.jpg?__no_cf_polish=1
Health and safety adviser,Eaton PLC,"North Stephen, AE",2021-04-08,https://files.realpython.com/media/real-python-logo-thumbnail.7f0db70c2ed2.jpg?__no_cf_polish=1
Manufacturing systems engineer,Stanley-Frederick,"Stevensland, AP",2021-04-08,https://files.realpython.com/media/real-python-logo-thumbnail.7f0db70c2ed2.jpg?__no_cf_polish=1
"Programmer, applications",Bradley LLC,"Reyesstad, AE",2021-04-08,https://files.realpython.com/media/real-python-logo-thumbnail.7f0db70c2ed2.jpg?__no_cf_polish=1
Medical physicist,"Parker, Goodwin and Zavala","Bellberg, AP",2021-04-08,https://files.realpython.com/media/real-python-logo-thumbnail.7f0db70c2ed2.jpg?__no_cf_polish=1
Media planner,Kim-Miles,"North Johnland, AE",2021-04-08,https://files.realpython.com/media/real-python-logo-thumbnail.7f0db70c2ed2.jpg?__no_cf_polish=1
Software Developer (Python),Moreno-Rodriguez,"Martinezburgh, AE",2021-04-08,https://files.realpython.com/media/real-python-logo-thumbnail.7f0db70c2ed2.jpg?__no_cf_polish=1
"Surveyor, land/geomatics",Brown-Ortiz,"Joshuatown, AE",2021-04-08,https://files.realpython.com/media/real-python-logo-thumbnail.7f0db70c2ed2.jpg?__no_cf_polish=1
Legal executive,Hartman PLC,"West Ericstad, AA",2021-04-08,https://files.realpython.com/media/real-python-logo-thumbnail.7f0db70c2ed2.jpg?__no_cf_polish=1
"Librarian, academic",Brooks Inc,"Tuckertown, AE",2021-04-08,https://files.realpython.com/media/real-python-logo-thumbnail.7f0db70c2ed2.jpg?__no_cf_polish=1
Barrister,Washington-Castillo,"Perezton, AE",2021-04-08,https://files.realpython.com/media/real-python-logo-thumbnail.7f0db70c2ed2.jpg?__no_cf_polish=1
Museum/gallery exhibitions officer,"Nguyen, Yoder and Petty","Lake Abigail, AE",2021-04-08,https://files.realpython.com/media/real-python-logo-thumbnail.7f0db70c2ed2.jpg?__no_cf_polish=1
"Radiographer, diagnostic",Holder LLC,"Jacobshire, AP",2021-04-08,https://files.realpython.com/media/real-python-logo-thumbnail.7f0db70c2ed2.jpg?__no_cf_polish=1
Database administrator,Yates-Ferguson,"Port Susan, AE",2021-04-08,https://files.realpython.com/media/real-python-logo-thumbnail.7f0db70c2ed2.jpg?__no_cf_polish=1
Furniture designer,Ortega-Lawrence,"North Tiffany, AA",2021-04-08,https://files.realpython.com/media/real-python-logo-thumbnail.7f0db70c2ed2.jpg?__no_cf_polish=1
Ship broker,"Fuentes, Walls and Castro","Michelleville, AP",2021-04-08,https://files.realpython.com/media/real-python-logo-thumbnail.7f0db70c2ed2.jpg?__no_cf_polish=1
